{"loss": [1.439469575881958, 0.4338412582874298, 0.2587830722332001, 0.17937855422496796, 0.12761591374874115, 0.10559766739606857, 0.08435828983783722, 0.07197212427854538, 0.062149129807949066, 0.05637582764029503, 0.04833070933818817, 0.045243993401527405, 0.039969414472579956, 0.03877945616841316, 0.032378993928432465, 0.033646173775196075, 0.03166971355676651, 0.029503267258405685, 0.026328476145863533, 0.027776401489973068], "accuracy": [0.5769258141517639, 0.8617398142814636, 0.9168930649757385, 0.9411337971687317, 0.9582189321517944, 0.9657158851623535, 0.9719610214233398, 0.9762572050094604, 0.9798420667648315, 0.9812504649162292, 0.9844369888305664, 0.9856320023536682, 0.9871256947517395, 0.9872394800186157, 0.989501416683197, 0.9892879724502563, 0.98978590965271, 0.990696370601654, 0.991521418094635, 0.9912938475608826], "val_loss": [0.5248145461082458, 0.28284433484077454, 0.2329254150390625, 0.22172169387340546, 0.14233790338039398, 0.12167788296937943, 0.18672864139080048, 0.10920944064855576, 0.12983360886573792, 0.10118063539266586, 0.10435511916875839, 0.17761027812957764, 0.11891841888427734, 0.09141702204942703, 0.247758686542511, 0.0980575829744339, 0.09605414420366287, 0.07857400178909302, 0.10016798228025436, 0.10163892805576324], "val_accuracy": [0.8362166881561279, 0.9071249961853027, 0.925449550151825, 0.9288071990013123, 0.9562371969223022, 0.9636353254318237, 0.9454814195632935, 0.9679034948348999, 0.9619280695915222, 0.9699522256851196, 0.9699522256851196, 0.9506601691246033, 0.9659116864204407, 0.9751877784729004, 0.943375825881958, 0.9733667373657227, 0.972968339920044, 0.9775779843330383, 0.9729114770889282, 0.9722285270690918]}