{"accuracy": [0.027441496029496193, 0.027398819103837013, 0.02728501334786415, 0.02717120759189129, 0.02876449190080166, 0.02876449190080166, 0.02876449190080166, 0.02850842848420143, 0.028522655367851257, 0.028536880388855934], "loss": [3.64642596244812, 3.640625, 3.6380774974823, 3.636953830718994, 3.6364736557006836, 3.636254072189331, 3.63616681098938, 3.636122226715088, 3.636105537414551, 3.6361000537872314], "val_accuracy": [0.027373094111680984, 0.027373094111680984, 0.027373094111680984, 0.028738902881741524, 0.028738902881741524, 0.028738902881741524, 0.028738902881741524, 0.028738902881741524, 0.028738902881741524, 0.028738902881741524], "val_loss": [3.6426665782928467, 3.6389048099517822, 3.6372647285461426, 3.6365461349487305, 3.63623046875, 3.636094331741333, 3.6360344886779785, 3.6360080242156982, 3.635995864868164, 3.6359899044036865]}